depth,age_kyr,age_sigma_kyr
0.030069010692290732,0.1374392797185175,5.0
24.952800152749493,93.36423674592277,5.0
49.87553129480669,135.62338177352302,5.0
74.7982624368639,216.44932469112808,5.0
99.7209935789211,319.15817908366404,5.0
